Module,Title,ECTS,Exam Type,Exam Date,Link to Modul,Link to Exam
M-INFO-102014,Weitere Leistungen,5.0,Not Found,N/A,https://campus.studium.kit.edu/events/catalog.php#!campus/all/abstractModuleView.asp?gguid=0xF1B2D2F393C9954CA53B2072102561C1&camvguid=0xE7CCFB9C7C4A4873975B5DCF0B8BD143&camvceid=CMPEL_8F5EF540&cafiguid=0xABA21F33AEEA4899BE1AB8E67083C2CB&tguid=0x40B784B43AED4CC9857335104533EDFB,Not Found
M-INFO-100719,Software-Evolution,3.0,Mündliche Prüfung,N/A,https://campus.studium.kit.edu/events/catalog.php#!campus/all/abstractModuleView.asp?gguid=0x480D084C62E0A54EBBE4B3E4AF8C6AC9&camvguid=0x25870101859E0546AD0403B6FF442E76&camvceid=CMPEL_8F5EF540&cafiguid=0xABA21F33AEEA4899BE1AB8E67083C2CB&tguid=0x40B784B43AED4CC9857335104533EDFB,https://campus.studium.kit.edu/events/catalog.php#!campus/all/event.asp?gguid=0x298A4C1605D844B1986B4533742B01EF&camvguid=0x25870101859E0546AD0403B6FF442E76&camvceid=CMPEL_8F5EF540&cafiguid=&tguid=0x40B784B43AED4CC9857335104533EDFB
M-INFO-100735,Sprachverarbeitung in der Softwaretechnik,3.0,Mündliche Prüfung,N/A,https://campus.studium.kit.edu/events/catalog.php#!campus/all/abstractModuleView.asp?gguid=0x6CCA3412E76E3B4791BC6B1C85AA4347&camvguid=0x1C378834F4B7704FA270C8C04B8B83B0&camvceid=CMPEL_8F5EF540&cafiguid=0xABA21F33AEEA4899BE1AB8E67083C2CB&tguid=0x40B784B43AED4CC9857335104533EDFB,https://campus.studium.kit.edu/events/catalog.php#!campus/all/event.asp?gguid=0x769D91F2E1554FA388E0DA26233A1966&camvguid=0x1C378834F4B7704FA270C8C04B8B83B0&camvceid=CMPEL_8F5EF540&cafiguid=&tguid=0x40B784B43AED4CC9857335104533EDFB
M-INFO-100734,Web-Anwendungen und Serviceorientierte Architekturen (II),4.0,Mündliche Prüfung,N/A,https://campus.studium.kit.edu/events/catalog.php#!campus/all/abstractModuleView.asp?gguid=0x11AD556C29847C4A9F1AAF94C0EB9C74&camvguid=0x9C62E65D9013F04DA1FCD06042BFC512&camvceid=CMPEL_8F5EF540&cafiguid=0xABA21F33AEEA4899BE1AB8E67083C2CB&tguid=0x40B784B43AED4CC9857335104533EDFB,https://campus.studium.kit.edu/events/catalog.php#!campus/all/event.asp?gguid=0x7119E5EAB44F42C096C20C910F279642&camvguid=0x9C62E65D9013F04DA1FCD06042BFC512&camvceid=CMPEL_8F5EF540&cafiguid=&tguid=0x40B784B43AED4CC9857335104533EDFB
M-INFO-100731,Fotorealistische Bildsynthese,5.0,Mündliche Prüfung,N/A,https://campus.studium.kit.edu/events/catalog.php#!campus/all/abstractModuleView.asp?gguid=0x1ECAA76F192A5C4FBC13A8AA2B34BDB9&camvguid=0x1B243FE0E69D0C408D1C4F02C43937F2&camvceid=CMPEL_8F5EF540&cafiguid=0xABA21F33AEEA4899BE1AB8E67083C2CB&tguid=0x40B784B43AED4CC9857335104533EDFB,https://campus.studium.kit.edu/events/catalog.php#!campus/all/event.asp?gguid=0x5B2AABD0A8F94086B63C9D1B2C70390A&camvguid=0x1B243FE0E69D0C408D1C4F02C43937F2&camvceid=CMPEL_8F5EF540&cafiguid=&tguid=0x40B784B43AED4CC9857335104533EDFB
M-INFO-100732,Interaktive Computergrafik,5.0,Mündliche Prüfung,N/A,https://campus.studium.kit.edu/events/catalog.php#!campus/all/abstractModuleView.asp?gguid=0xF2FDB1CFAF43E745BBE3D0EFEF62260D&camvguid=0xE06804E9D6DBB2489AA8C42C683AA64A&camvceid=CMPEL_8F5EF540&cafiguid=0xABA21F33AEEA4899BE1AB8E67083C2CB&tguid=0x40B784B43AED4CC9857335104533EDFB,https://campus.studium.kit.edu/events/catalog.php#!campus/all/event.asp?gguid=0xAFDDE517C76A4336B551515AFF5E594F&camvguid=0xE06804E9D6DBB2489AA8C42C683AA64A&camvceid=CMPEL_8F5EF540&cafiguid=&tguid=0x40B784B43AED4CC9857335104533EDFB
M-INFO-100728,Kontextsensitive Systeme,5.0,Mündliche Prüfung,N/A,https://campus.studium.kit.edu/events/catalog.php#!campus/all/abstractModuleView.asp?gguid=0x43B60891DAE7694BA84006B39CD1A50D&camvguid=0x179FAD57D9CA46AEB59F7E62E8BAE235&camvceid=CMPEL_8F5EF540&cafiguid=0xABA21F33AEEA4899BE1AB8E67083C2CB&tguid=0x40B784B43AED4CC9857335104533EDFB,https://campus.studium.kit.edu/events/catalog.php#!campus/all/event.asp?gguid=0x2705E25BE195449AB75F592B83672EEC&camvguid=0x179FAD57D9CA46AEB59F7E62E8BAE235&camvceid=CMPEL_8F5EF540&cafiguid=&tguid=0x40B784B43AED4CC9857335104533EDFB
M-INFO-100721,Rekonfigurierbare und Adaptive Systeme,3.0,Mündliche Prüfung,N/A,https://campus.studium.kit.edu/events/catalog.php#!campus/all/abstractModuleView.asp?gguid=0x154FB2B210242041A38387A70FB0D7AA&camvguid=0x46A078645C267341965D3CEB8749A276&camvceid=CMPEL_8F5EF540&cafiguid=0xABA21F33AEEA4899BE1AB8E67083C2CB&tguid=0x40B784B43AED4CC9857335104533EDFB,https://campus.studium.kit.edu/events/catalog.php#!campus/all/event.asp?gguid=0x446E5E8558124AF782F3DD972FBABBCA&camvguid=0x46A078645C267341965D3CEB8749A276&camvceid=CMPEL_8F5EF540&cafiguid=&tguid=0x40B784B43AED4CC9857335104533EDFB
M-INFO-100031,Algorithmen für Routenplanung,5.0,Mündliche Prüfung,N/A,https://campus.studium.kit.edu/events/catalog.php#!campus/all/abstractModuleView.asp?gguid=0xC939C3567280A641BBED9A7B5666E281&camvguid=0x8E86C410EF600048832E201B8F398E90&camvceid=CMPEL_8F5EF540&cafiguid=0xABA21F33AEEA4899BE1AB8E67083C2CB&tguid=0x40B784B43AED4CC9857335104533EDFB,https://campus.studium.kit.edu/events/catalog.php#!campus/all/event.asp?gguid=0xD2DF64A286DE4BBA9806C5C738F8A760&camvguid=0x8E86C410EF600048832E201B8F398E90&camvceid=CMPEL_8F5EF540&cafiguid=&tguid=0x40B784B43AED4CC9857335104533EDFB
M-INFO-100736,Einführung in die Bildfolgenauswertung,3.0,Mündliche Prüfung,N/A,https://campus.studium.kit.edu/events/catalog.php#!campus/all/abstractModuleView.asp?gguid=0x1E521716F65E0B429E51FD1A07B0AC0D&camvguid=0x2775033E56BAC14C8CAB5A6FE16306DB&camvceid=CMPEL_8F5EF540&cafiguid=0xABA21F33AEEA4899BE1AB8E67083C2CB&tguid=0x40B784B43AED4CC9857335104533EDFB,https://campus.studium.kit.edu/events/catalog.php#!campus/all/event.asp?gguid=0x34625DC0B4094E7DBBFED66B8EBCC84D&camvguid=0x2775033E56BAC14C8CAB5A6FE16306DB&camvceid=CMPEL_8F5EF540&cafiguid=&tguid=0x40B784B43AED4CC9857335104533EDFB
M-INFO-100738,Visualisierung,5.0,Mündliche Prüfung,N/A,https://campus.studium.kit.edu/events/catalog.php#!campus/all/abstractModuleView.asp?gguid=0xBF7E5F47605B1D488A960E7F5BFD04CE&camvguid=0x9B21F1681CB1EB4DBE018222A37E16B6&camvceid=CMPEL_8F5EF540&cafiguid=0xABA21F33AEEA4899BE1AB8E67083C2CB&tguid=0x40B784B43AED4CC9857335104533EDFB,https://campus.studium.kit.edu/events/catalog.php#!campus/all/event.asp?gguid=0x430BF0FF7C144DE4BEB2DC490E259019&camvguid=0x9B21F1681CB1EB4DBE018222A37E16B6&camvceid=CMPEL_8F5EF540&cafiguid=&tguid=0x40B784B43AED4CC9857335104533EDFB
M-INFO-100741,Modellgetriebene Software-Entwicklung,3.0,Mündliche Prüfung,N/A,https://campus.studium.kit.edu/events/catalog.php#!campus/all/abstractModuleView.asp?gguid=0x5BC3286B2EA36E4A8F04CCCDA87230E2&camvguid=0x8355C1FB3613064BBC031E6E55E15A94&camvceid=CMPEL_8F5EF540&cafiguid=0xABA21F33AEEA4899BE1AB8E67083C2CB&tguid=0x40B784B43AED4CC9857335104533EDFB,https://campus.studium.kit.edu/events/catalog.php#!campus/all/event.asp?gguid=0xC92E664208CE45F8B8775653F8316E55&camvguid=0x8355C1FB3613064BBC031E6E55E15A94&camvceid=CMPEL_8F5EF540&cafiguid=&tguid=0x40B784B43AED4CC9857335104533EDFB
M-INFO-100739,Data and Storage Management,4.0,Mündliche Prüfung,N/A,https://campus.studium.kit.edu/events/catalog.php#!campus/all/abstractModuleView.asp?gguid=0xDC977E410EFF7549843FB5A1172CE276&camvguid=0x34E3D826E434DF42B6D784D179A95262&camvceid=CMPEL_8F5EF540&cafiguid=0xABA21F33AEEA4899BE1AB8E67083C2CB&tguid=0x40B784B43AED4CC9857335104533EDFB,https://campus.studium.kit.edu/events/catalog.php#!campus/all/event.asp?gguid=0x162379052DB94EE2B73C5D14D49E8EEA&camvguid=0x34E3D826E434DF42B6D784D179A95262&camvceid=CMPEL_8F5EF540&cafiguid=&tguid=0x40B784B43AED4CC9857335104533EDFB
M-INFO-100742,Kryptographische Wahlverfahren,3.0,Not Found,N/A,https://campus.studium.kit.edu/events/catalog.php#!campus/all/abstractModuleView.asp?gguid=0x4E746948773F8C40B820C80E69D6B8A2&camvguid=0x967AD0A8D583234FB79BD52CFA4F98EE&camvceid=CMPEL_8F5EF540&cafiguid=0xABA21F33AEEA4899BE1AB8E67083C2CB&tguid=0x40B784B43AED4CC9857335104533EDFB,Not Found
M-INFO-100754,Algorithmische Kartografie,5.0,Not Found,N/A,https://campus.studium.kit.edu/events/catalog.php#!campus/all/abstractModuleView.asp?gguid=0x8289DE51BEB82F4DBF058E6C65D44AD3&camvguid=0x5BD6D3EA2D99A34E9E486F13FF097C51&camvceid=CMPEL_8F5EF540&cafiguid=0xABA21F33AEEA4899BE1AB8E67083C2CB&tguid=0x40B784B43AED4CC9857335104533EDFB,Not Found
M-INFO-100749,Introduction to Bioinformatics for Computer Scientists,3.0,Mündliche Prüfung,N/A,https://campus.studium.kit.edu/events/catalog.php#!campus/all/abstractModuleView.asp?gguid=0x02D0C2BA22FC594E9352F85138F5CD85&camvguid=0x2CC5A5789E962543B9AE58D717AE43AE&camvceid=CMPEL_8F5EF540&cafiguid=0xABA21F33AEEA4899BE1AB8E67083C2CB&tguid=0x40B784B43AED4CC9857335104533EDFB,https://campus.studium.kit.edu/events/catalog.php#!campus/all/event.asp?gguid=0xF1B59613F025449E8310D969A40451B0&camvguid=0x2CC5A5789E962543B9AE58D717AE43AE&camvceid=CMPEL_8F5EF540&cafiguid=&tguid=0x40B784B43AED4CC9857335104533EDFB
M-INFO-100744,Formale Systeme II: Anwendung,5.0,Mündliche Prüfung,N/A,https://campus.studium.kit.edu/events/catalog.php#!campus/all/abstractModuleView.asp?gguid=0x3BB56B060A9B6E4B947C8588A21B5CAD&camvguid=0x2EB028EF55A7BE409523106BFCF879FF&camvceid=CMPEL_8F5EF540&cafiguid=0xABA21F33AEEA4899BE1AB8E67083C2CB&tguid=0x40B784B43AED4CC9857335104533EDFB,https://campus.studium.kit.edu/events/catalog.php#!campus/all/event.asp?gguid=0x88F4B1F057234E77B76C911143E3DEC7&camvguid=0x2EB028EF55A7BE409523106BFCF879FF&camvceid=CMPEL_8F5EF540&cafiguid=&tguid=0x40B784B43AED4CC9857335104533EDFB
M-INFO-100747,Integriertes Netz- und Systemmanagement,4.0,Mündliche Prüfung,N/A,https://campus.studium.kit.edu/events/catalog.php#!campus/all/abstractModuleView.asp?gguid=0x72B40B05A86A0949B93331C1D9512C52&camvguid=0xE35DD8BE15157447BF28D542691E2D8A&camvceid=CMPEL_8F5EF540&cafiguid=0xABA21F33AEEA4899BE1AB8E67083C2CB&tguid=0x40B784B43AED4CC9857335104533EDFB,https://campus.studium.kit.edu/events/catalog.php#!campus/all/event.asp?gguid=0x9177784DA5B4473287381DFF16BD7849&camvguid=0xE35DD8BE15157447BF28D542691E2D8A&camvceid=CMPEL_8F5EF540&cafiguid=&tguid=0x40B784B43AED4CC9857335104533EDFB
M-INFO-100756,Geometrische Grundlagen der Geometrieverarbeitung,5.0,Mündliche Prüfung,N/A,https://campus.studium.kit.edu/events/catalog.php#!campus/all/abstractModuleView.asp?gguid=0x40707C41ED0EE142B609D553D04C66DE&camvguid=0x2847489942374E268DD45C9754C8817E&camvceid=CMPEL_8F5EF540&cafiguid=0xABA21F33AEEA4899BE1AB8E67083C2CB&tguid=0x40B784B43AED4CC9857335104533EDFB,https://campus.studium.kit.edu/events/catalog.php#!campus/all/event.asp?gguid=0x8543C53D56BC481FB851BD1E76D85BDA&camvguid=0x2847489942374E268DD45C9754C8817E&camvceid=CMPEL_8F5EF540&cafiguid=&tguid=0x40B784B43AED4CC9857335104533EDFB
M-INFO-100725,"Gehirn und Zentrales Nervensystem: Struktur, Informationstransfer, Reizverarbeitung, Neurophysiologie und Therapie",3.0,Schriftliche Prüfung,02.08.2023,https://campus.studium.kit.edu/events/catalog.php#!campus/all/abstractModuleView.asp?gguid=0x7325EC17B2FCBE40AD01F8161022550F&camvguid=0x1C0C1DBCB76C614BB9DF96244E2DDC92&camvceid=CMPEL_8F5EF540&cafiguid=0xABA21F33AEEA4899BE1AB8E67083C2CB&tguid=0x40B784B43AED4CC9857335104533EDFB,https://campus.studium.kit.edu/events/catalog.php#!campus/all/event.asp?gguid=0x8B0E4758FB40407FA18370F210B2AEAA&camvguid=0x1C0C1DBCB76C614BB9DF96244E2DDC92&camvceid=CMPEL_8F5EF540&cafiguid=&tguid=0x40B784B43AED4CC9857335104533EDFB
M-INFO-100753,Gestaltungsgrundsätze für interaktive Echtzeitsysteme,3.0,Mündliche Prüfung,N/A,https://campus.studium.kit.edu/events/catalog.php#!campus/all/abstractModuleView.asp?gguid=0x4E09EEE295612546BB32C1BC92C6578F&camvguid=0xC8AB1954D7CE414784A35324DED4E9F6&camvceid=CMPEL_8F5EF540&cafiguid=0xABA21F33AEEA4899BE1AB8E67083C2CB&tguid=0x40B784B43AED4CC9857335104533EDFB,https://campus.studium.kit.edu/events/catalog.php#!campus/all/event.asp?gguid=0xF0A23D017A8B43DFA08BC34527A16F36&camvguid=0xC8AB1954D7CE414784A35324DED4E9F6&camvceid=CMPEL_8F5EF540&cafiguid=&tguid=0x40B784B43AED4CC9857335104533EDFB
M-INFO-100729,Mensch-Maschine-Interaktion,6.0,Schriftliche Prüfung,21.09.2023,https://campus.studium.kit.edu/events/catalog.php#!campus/all/abstractModuleView.asp?gguid=0x394F0F68CFFA674BA3E8842A155311F8&camvguid=0x2A48B9864CB07F43BF730B5882D34FDD&camvceid=CMPEL_8F5EF540&cafiguid=0xABA21F33AEEA4899BE1AB8E67083C2CB&tguid=0x40B784B43AED4CC9857335104533EDFB,https://campus.studium.kit.edu/events/catalog.php#!campus/all/event.asp?gguid=0xE95C5EC272C049C2849424B61AC153F2&camvguid=0x2A48B9864CB07F43BF730B5882D34FDD&camvceid=CMPEL_8F5EF540&cafiguid=&tguid=0x40B784B43AED4CC9857335104533EDFB
M-INFO-100758,Graphpartitionierung und Graphenclustern in Theorie und Praxis,5.0,Not Found,N/A,https://campus.studium.kit.edu/events/catalog.php#!campus/all/abstractModuleView.asp?gguid=0x685B03C0F4737843BEC8170066083FA0&camvguid=0x421CA64B7C72410098F41CEDE9D78227&camvceid=CMPEL_8F5EF540&cafiguid=0xABA21F33AEEA4899BE1AB8E67083C2CB&tguid=0x40B784B43AED4CC9857335104533EDFB,Not Found
M-INFO-100761,Verteiltes Rechnen,4.0,Mündliche Prüfung,N/A,https://campus.studium.kit.edu/events/catalog.php#!campus/all/abstractModuleView.asp?gguid=0xDF41FBC1BC3B4E48860EA8B93848C7E6&camvguid=0xBB091EEF47E27B4A8547C7D86287DDC5&camvceid=CMPEL_8F5EF540&cafiguid=0xABA21F33AEEA4899BE1AB8E67083C2CB&tguid=0x40B784B43AED4CC9857335104533EDFB,https://campus.studium.kit.edu/events/catalog.php#!campus/all/event.asp?gguid=0xEC76F854FD424EB982CB886E633157A6&camvguid=0xBB091EEF47E27B4A8547C7D86287DDC5&camvceid=CMPEL_8F5EF540&cafiguid=&tguid=0x40B784B43AED4CC9857335104533EDFB
M-INFO-100762,Algorithmische Graphentheorie,5.0,Mündliche Prüfung,N/A,https://campus.studium.kit.edu/events/catalog.php#!campus/all/abstractModuleView.asp?gguid=0x871831160C75E249A44465160CE601B0&camvguid=0x1CC294C61699D44CB2BB905B2122E305&camvceid=CMPEL_8F5EF540&cafiguid=0xABA21F33AEEA4899BE1AB8E67083C2CB&tguid=0x40B784B43AED4CC9857335104533EDFB,https://campus.studium.kit.edu/events/catalog.php#!campus/all/event.asp?gguid=0xBC1B7530962748A1A8F93FA917B712D4&camvguid=0x1CC294C61699D44CB2BB905B2122E305&camvceid=CMPEL_8F5EF540&cafiguid=&tguid=0x40B784B43AED4CC9857335104533EDFB
M-INFO-100780,Datenbankeinsatz,5.0,Mündliche Prüfung,N/A,https://campus.studium.kit.edu/events/catalog.php#!campus/all/abstractModuleView.asp?gguid=0xE7DA6959CDA7DF4B904BCFA9A77D4A43&camvguid=0x302C56AD705B9E468B137A7E56664134&camvceid=CMPEL_8F5EF540&cafiguid=0xABA21F33AEEA4899BE1AB8E67083C2CB&tguid=0x40B784B43AED4CC9857335104533EDFB,https://campus.studium.kit.edu/events/catalog.php#!campus/all/event.asp?gguid=0x72275B0FADAB4C5790AA9D45D07D0B3C&camvguid=0x302C56AD705B9E468B137A7E56664134&camvceid=CMPEL_8F5EF540&cafiguid=&tguid=0x40B784B43AED4CC9857335104533EDFB
M-INFO-100763,Requirements Engineering ,3.0,Mündliche Prüfung,N/A,https://campus.studium.kit.edu/events/catalog.php#!campus/all/abstractModuleView.asp?gguid=0xBA9A2F191348A240A2B7348708F93B45&camvguid=0x5D74DA55701473408DADD9E3BC5B5FC2&camvceid=CMPEL_8F5EF540&cafiguid=0xABA21F33AEEA4899BE1AB8E67083C2CB&tguid=0x40B784B43AED4CC9857335104533EDFB,https://campus.studium.kit.edu/events/catalog.php#!campus/all/event.asp?gguid=0x9B080A27A41C4CA7B4D49F9151F55A5F&camvguid=0x5D74DA55701473408DADD9E3BC5B5FC2&camvceid=CMPEL_8F5EF540&cafiguid=&tguid=0x40B784B43AED4CC9857335104533EDFB
M-INFO-100757,Mechano-Informatik in der Robotik,4.0,Schriftliche Prüfung,12.07.2023,https://campus.studium.kit.edu/events/catalog.php#!campus/all/abstractModuleView.asp?gguid=0xB793EAB5BA71E34A82B329E36EC6D12D&camvguid=0x7EB219CA289DEE43A1776341FB7D6FE2&camvceid=CMPEL_8F5EF540&cafiguid=0xABA21F33AEEA4899BE1AB8E67083C2CB&tguid=0x40B784B43AED4CC9857335104533EDFB,https://campus.studium.kit.edu/events/catalog.php#!campus/all/event.asp?gguid=0x7A6DFBBCCFDB4A1989B9E7E87006E8BC&camvguid=0x7EB219CA289DEE43A1776341FB7D6FE2&camvceid=CMPEL_8F5EF540&cafiguid=&tguid=0x40B784B43AED4CC9857335104533EDFB
M-INFO-100782,Netzsicherheit: Architekturen und Protokolle,4.0,Mündliche Prüfung,N/A,https://campus.studium.kit.edu/events/catalog.php#!campus/all/abstractModuleView.asp?gguid=0xB7486E036659F3499EBAF56ADE63C99B&camvguid=0xAF4ACB9846942A478324356EDFF520D0&camvceid=CMPEL_8F5EF540&cafiguid=0xABA21F33AEEA4899BE1AB8E67083C2CB&tguid=0x40B784B43AED4CC9857335104533EDFB,https://campus.studium.kit.edu/events/catalog.php#!campus/all/event.asp?gguid=0x783B15E26ADE473D8A2561E7EF9B19D8&camvguid=0xAF4ACB9846942A478324356EDFF520D0&camvceid=CMPEL_8F5EF540&cafiguid=&tguid=0x40B784B43AED4CC9857335104533EDFB
M-INFO-100789,Ubiquitäre Informationstechnologien,5.0,Mündliche Prüfung,N/A,https://campus.studium.kit.edu/events/catalog.php#!campus/all/abstractModuleView.asp?gguid=0x5B964AA63FDDE447A448CB89A1DCB96E&camvguid=0x61A6C463FDF0A04EA315939D6A8F5FA3&camvceid=CMPEL_8F5EF540&cafiguid=0xABA21F33AEEA4899BE1AB8E67083C2CB&tguid=0x40B784B43AED4CC9857335104533EDFB,https://campus.studium.kit.edu/events/catalog.php#!campus/all/event.asp?gguid=0x4D36CCB63A43420D8BF4EF0B890B8E84&camvguid=0x61A6C463FDF0A04EA315939D6A8F5FA3&camvceid=CMPEL_8F5EF540&cafiguid=&tguid=0x40B784B43AED4CC9857335104533EDFB
M-INFO-100785,Mobilkommunikation,4.0,Mündliche Prüfung,N/A,https://campus.studium.kit.edu/events/catalog.php#!campus/all/abstractModuleView.asp?gguid=0xFDE10C60D051394BB65A0937B5D49D52&camvguid=0xADB388B246C85E43BE608083B32ACB3A&camvceid=CMPEL_8F5EF540&cafiguid=0xABA21F33AEEA4899BE1AB8E67083C2CB&tguid=0x40B784B43AED4CC9857335104533EDFB,https://campus.studium.kit.edu/events/catalog.php#!campus/all/event.asp?gguid=0x512487E0DBBC42878D27C9D348AD2C81&camvguid=0xADB388B246C85E43BE608083B32ACB3A&camvceid=CMPEL_8F5EF540&cafiguid=&tguid=0x40B784B43AED4CC9857335104533EDFB
M-INFO-100784,Next Generation Internet,4.0,Mündliche Prüfung,N/A,https://campus.studium.kit.edu/events/catalog.php#!campus/all/abstractModuleView.asp?gguid=0x8B2C801CC663E24D9A0C7D2226DDF514&camvguid=0x10115E19A97F1A4693140E09AB00DC04&camvceid=CMPEL_8F5EF540&cafiguid=0xABA21F33AEEA4899BE1AB8E67083C2CB&tguid=0x40B784B43AED4CC9857335104533EDFB,https://campus.studium.kit.edu/events/catalog.php#!campus/all/event.asp?gguid=0x878D109745C14BA59E18A585B4176DB3&camvguid=0x10115E19A97F1A4693140E09AB00DC04&camvceid=CMPEL_8F5EF540&cafiguid=&tguid=0x40B784B43AED4CC9857335104533EDFB
M-INFO-100799,Formale Systeme,6.0,Not Found,N/A,https://campus.studium.kit.edu/events/catalog.php#!campus/student/specificModuleView.asp?gguid=0x346C0DBDE5E14301AE182F889A77CA4D&tguid=0x40B784B43AED4CC9857335104533EDFB,Not Found
M-INFO-100794,Randomisierte Algorithmen,5.0,Mündliche Prüfung,N/A,https://campus.studium.kit.edu/events/catalog.php#!campus/all/abstractModuleView.asp?gguid=0x0213594D56ADD442A4CED3F73EDCBF78&camvguid=0x39B6049B1C063848A31D7BD166558D3E&camvceid=CMPEL_8F5EF540&cafiguid=0xABA21F33AEEA4899BE1AB8E67083C2CB&tguid=0x40B784B43AED4CC9857335104533EDFB,https://campus.studium.kit.edu/events/catalog.php#!campus/all/event.asp?gguid=0xAE83E7D1302E4A2BA0E30536E4B88584&camvguid=0x39B6049B1C063848A31D7BD166558D3E&camvceid=CMPEL_8F5EF540&cafiguid=&tguid=0x40B784B43AED4CC9857335104533EDFB
M-INFO-100795,Algorithm Engineering,5.0,Not Found,N/A,https://campus.studium.kit.edu/events/catalog.php#!campus/all/abstractModuleView.asp?gguid=0x5993076126200045A6E9561751A8ECCF&camvguid=0x733B1C3F13A74BC18A1A672A6BFD0F9A&camvceid=CMPEL_8F5EF540&cafiguid=0xABA21F33AEEA4899BE1AB8E67083C2CB&tguid=0x40B784B43AED4CC9857335104533EDFB,Not Found
M-INFO-100796,Parallele Algorithmen,5.0,Mündliche Prüfung,N/A,https://campus.studium.kit.edu/events/catalog.php#!campus/all/abstractModuleView.asp?gguid=0xF73BD1698A17E843874328FD95FD7069&camvguid=0x744F2C70F3314D79847A0EB8E11F852D&camvceid=CMPEL_8F5EF540&cafiguid=0xABA21F33AEEA4899BE1AB8E67083C2CB&tguid=0x40B784B43AED4CC9857335104533EDFB,https://campus.studium.kit.edu/events/catalog.php#!campus/all/event.asp?gguid=0x4243E088D77B417D86FE2A9BA208D1C5&camvguid=0x744F2C70F3314D79847A0EB8E11F852D&camvceid=CMPEL_8F5EF540&cafiguid=&tguid=0x40B784B43AED4CC9857335104533EDFB
M-INFO-100798,Empirische Softwaretechnik,4.0,Mündliche Prüfung,N/A,https://campus.studium.kit.edu/events/catalog.php#!campus/all/abstractModuleView.asp?gguid=0x39E1849C6171454895DC957E6ACED37C&camvguid=0x322479D78240D944B03255B25EAB0A7F&camvceid=CMPEL_8F5EF540&cafiguid=0xABA21F33AEEA4899BE1AB8E67083C2CB&tguid=0x40B784B43AED4CC9857335104533EDFB,https://campus.studium.kit.edu/events/catalog.php#!campus/all/event.asp?gguid=0x8362B498599941EEBB2AFFC18E10D9AF&camvguid=0x322479D78240D944B03255B25EAB0A7F&camvceid=CMPEL_8F5EF540&cafiguid=&tguid=0x40B784B43AED4CC9857335104533EDFB
M-INFO-100800,Internet of Everything,4.0,Mündliche Prüfung,N/A,https://campus.studium.kit.edu/events/catalog.php#!campus/all/abstractModuleView.asp?gguid=0xE4BB2A4589E51B4AA1AF1794F1154184&camvguid=0x3BB57902FEDDCE4880AEA5F18BC56106&camvceid=CMPEL_8F5EF540&cafiguid=0xABA21F33AEEA4899BE1AB8E67083C2CB&tguid=0x40B784B43AED4CC9857335104533EDFB,https://campus.studium.kit.edu/events/catalog.php#!campus/all/event.asp?gguid=0x620E7EF44EB741D399C81338EDAA6266&camvguid=0x3BB57902FEDDCE4880AEA5F18BC56106&camvceid=CMPEL_8F5EF540&cafiguid=&tguid=0x40B784B43AED4CC9857335104533EDFB
M-INFO-100786,IT-Sicherheitsmanagement für vernetzte Systeme,5.0,Schriftliche Prüfung,21.08.2023,https://campus.studium.kit.edu/events/catalog.php#!campus/all/abstractModuleView.asp?gguid=0x5EF9DEF30648F941B5D8BB27AB5F54F7&camvguid=0xF6EBC0C98DB4574B93256E231A92AC61&camvceid=CMPEL_8F5EF540&cafiguid=0xABA21F33AEEA4899BE1AB8E67083C2CB&tguid=0x40B784B43AED4CC9857335104533EDFB,https://campus.studium.kit.edu/events/catalog.php#!campus/all/event.asp?gguid=0x3CD022B3F75C48558FF351E2EA26CE3F&camvguid=0xF6EBC0C98DB4574B93256E231A92AC61&camvceid=CMPEL_8F5EF540&cafiguid=&tguid=0x40B784B43AED4CC9857335104533EDFB
M-INFO-100804,Power Management,3.0,Mündliche Prüfung,N/A,https://campus.studium.kit.edu/events/catalog.php#!campus/all/abstractModuleView.asp?gguid=0x3EF2DA86F4724E478EAE7EA621272D77&camvguid=0x26C11975A8FCA74397DEEE4CC0E1D5A2&camvceid=CMPEL_8F5EF540&cafiguid=0xABA21F33AEEA4899BE1AB8E67083C2CB&tguid=0x40B784B43AED4CC9857335104533EDFB,https://campus.studium.kit.edu/events/catalog.php#!campus/all/event.asp?gguid=0x73760A222F49458E818558B8453CDE12&camvguid=0x26C11975A8FCA74397DEEE4CC0E1D5A2&camvceid=CMPEL_8F5EF540&cafiguid=&tguid=0x40B784B43AED4CC9857335104533EDFB
M-INFO-100812,Netze und Punktwolken,3.0,Mündliche Prüfung,N/A,https://campus.studium.kit.edu/events/catalog.php#!campus/all/abstractModuleView.asp?gguid=0xCC244C782B57D2439495DEB6A2D5316C&camvguid=0x2465B3A6FD24B848913B9C2D066FFD2F&camvceid=CMPEL_8F5EF540&cafiguid=0xABA21F33AEEA4899BE1AB8E67083C2CB&tguid=0x40B784B43AED4CC9857335104533EDFB,https://campus.studium.kit.edu/events/catalog.php#!campus/all/event.asp?gguid=0x7347BF8A79FE444BB790CB56DEC2D8A3&camvguid=0x2465B3A6FD24B848913B9C2D066FFD2F&camvceid=CMPEL_8F5EF540&cafiguid=&tguid=0x40B784B43AED4CC9857335104533EDFB
M-INFO-100808,Parallelrechner und Parallelprogrammierung,4.0,Mündliche Prüfung,N/A,https://campus.studium.kit.edu/events/catalog.php#!campus/all/abstractModuleView.asp?gguid=0x25E582DFDEB12540B590A59987F8B431&camvguid=0xB1B095D47C6E3F41B37B8951EEC5DF5B&camvceid=CMPEL_8F5EF540&cafiguid=0xABA21F33AEEA4899BE1AB8E67083C2CB&tguid=0x40B784B43AED4CC9857335104533EDFB,https://campus.studium.kit.edu/events/catalog.php#!campus/all/event.asp?gguid=0xE8C16845EB704234A116854B34396387&camvguid=0xB1B095D47C6E3F41B37B8951EEC5DF5B&camvceid=CMPEL_8F5EF540&cafiguid=&tguid=0x40B784B43AED4CC9857335104533EDFB
M-INFO-100791,Innovative Konzepte zur Programmierung von Industrierobotern,4.0,Schriftliche Prüfung,19.07.2023,https://campus.studium.kit.edu/events/catalog.php#!campus/all/abstractModuleView.asp?gguid=0x5F3A9B6271890F42BE928A5A13625845&camvguid=0x41AD8D913A72B44DB7D4F40A037F3530&camvceid=CMPEL_8F5EF540&cafiguid=0xABA21F33AEEA4899BE1AB8E67083C2CB&tguid=0x40B784B43AED4CC9857335104533EDFB,https://campus.studium.kit.edu/events/catalog.php#!campus/all/event.asp?gguid=0xD769E1DFA812481293ACBD80CBDF414D&camvguid=0x41AD8D913A72B44DB7D4F40A037F3530&camvceid=CMPEL_8F5EF540&cafiguid=&tguid=0x40B784B43AED4CC9857335104533EDFB
M-INFO-100807,Low Power Design,3.0,Mündliche Prüfung,N/A,https://campus.studium.kit.edu/events/catalog.php#!campus/all/abstractModuleView.asp?gguid=0x03A8DBF136EA544B8DB5FF58F4ADD83E&camvguid=0x968AD9E0057978428AC52DC9CAC5B63E&camvceid=CMPEL_8F5EF540&cafiguid=0xABA21F33AEEA4899BE1AB8E67083C2CB&tguid=0x40B784B43AED4CC9857335104533EDFB,https://campus.studium.kit.edu/events/catalog.php#!campus/all/event.asp?gguid=0x5B7C7CBD082C41F7839EBF445945B847&camvguid=0x968AD9E0057978428AC52DC9CAC5B63E&camvceid=CMPEL_8F5EF540&cafiguid=&tguid=0x40B784B43AED4CC9857335104533EDFB
M-INFO-100814,Biologisch Motivierte Robotersysteme,3.0,Mündliche Prüfung,N/A,https://campus.studium.kit.edu/events/catalog.php#!campus/all/abstractModuleView.asp?gguid=0xFEAFA0F5A999DB4EB37CA1832889960F&camvguid=0x2C5680975BF33E4AAA5B5A95BE303DD3&camvceid=CMPEL_8F5EF540&cafiguid=0xABA21F33AEEA4899BE1AB8E67083C2CB&tguid=0x40B784B43AED4CC9857335104533EDFB,https://campus.studium.kit.edu/events/catalog.php#!campus/all/event.asp?gguid=0x7AEFBA9C86F9471D8BA95139C49C1219&camvguid=0x2C5680975BF33E4AAA5B5A95BE303DD3&camvceid=CMPEL_8F5EF540&cafiguid=&tguid=0x40B784B43AED4CC9857335104533EDFB
M-INFO-100797,Algorithmen in Zellularautomaten,5.0,Schriftliche Prüfung,03.09.2023,https://campus.studium.kit.edu/events/catalog.php#!campus/all/abstractModuleView.asp?gguid=0x46CF361001FB2644A89E0FFA14721D8A&camvguid=0x09156E9E03BF9240ABE390A0079B77B8&camvceid=CMPEL_8F5EF540&cafiguid=0xABA21F33AEEA4899BE1AB8E67083C2CB&tguid=0x40B784B43AED4CC9857335104533EDFB,https://campus.studium.kit.edu/events/catalog.php#!campus/all/event.asp?gguid=0x8C3B47C0F0544FD4A8E5A6F3FD54E324&camvguid=0x09156E9E03BF9240ABE390A0079B77B8&camvceid=CMPEL_8F5EF540&cafiguid=&tguid=0x40B784B43AED4CC9857335104533EDFB
M-INFO-100822,Heterogene parallele Rechensysteme,3.0,Not Found,N/A,https://campus.studium.kit.edu/events/catalog.php#!campus/all/abstractModuleView.asp?gguid=0xFCA5B33F187A4D449807C8D1E546DB2D&camvguid=0x70AA395A0D3ECF4EAEE037FEA7237EC9&camvceid=CMPEL_8F5EF540&cafiguid=0xABA21F33AEEA4899BE1AB8E67083C2CB&tguid=0x40B784B43AED4CC9857335104533EDFB,Not Found
M-INFO-100823,Signale und Codes,3.0,Mündliche Prüfung,N/A,https://campus.studium.kit.edu/events/catalog.php#!campus/all/abstractModuleView.asp?gguid=0xA0554B020E3E344DB909F49C64FACB6F&camvguid=0xF31880BD58659B459964913276AF539D&camvceid=CMPEL_8F5EF540&cafiguid=0xABA21F33AEEA4899BE1AB8E67083C2CB&tguid=0x40B784B43AED4CC9857335104533EDFB,https://campus.studium.kit.edu/events/catalog.php#!campus/all/event.asp?gguid=0x3528129386B3427FB246690BEC7B1EFB&camvguid=0xF31880BD58659B459964913276AF539D&camvceid=CMPEL_8F5EF540&cafiguid=&tguid=0x40B784B43AED4CC9857335104533EDFB
M-INFO-100801,Telematik,6.0,Schriftliche Prüfung,25.07.2023,https://campus.studium.kit.edu/events/catalog.php#!campus/all/abstractModuleView.asp?gguid=0x61AFB44AF5C3FD47A36DB5C30690244C&camvguid=0x40FF7DBE9DEF094BA7008E35C00167D3&camvceid=CMPEL_8F5EF540&cafiguid=0xABA21F33AEEA4899BE1AB8E67083C2CB&tguid=0x40B784B43AED4CC9857335104533EDFB,https://campus.studium.kit.edu/events/catalog.php#!campus/all/event.asp?gguid=0x9D8EE5D5EC654BCBBF80C751D9750432&camvguid=0x40FF7DBE9DEF094BA7008E35C00167D3&camvceid=CMPEL_8F5EF540&cafiguid=&tguid=0x40B784B43AED4CC9857335104533EDFB
M-INFO-100829,Stochastische Informationsverarbeitung,6.0,Mündliche Prüfung,N/A,https://campus.studium.kit.edu/events/catalog.php#!campus/all/abstractModuleView.asp?gguid=0x23216C7C6DA3DA4D8358A3C35A5503B8&camvguid=0x79796E51911DF74493C7AB023B77D0D9&camvceid=CMPEL_8F5EF540&cafiguid=0xABA21F33AEEA4899BE1AB8E67083C2CB&tguid=0x40B784B43AED4CC9857335104533EDFB,https://campus.studium.kit.edu/events/catalog.php#!campus/all/event.asp?gguid=0x80569412E8D94CDB85596DBBDFA77296&camvguid=0x79796E51911DF74493C7AB023B77D0D9&camvceid=CMPEL_8F5EF540&cafiguid=&tguid=0x40B784B43AED4CC9857335104533EDFB
M-INFO-100831,Entwurf und Architekturen für Eingebettete Systeme (ES2),3.0,Not Found,N/A,https://campus.studium.kit.edu/events/catalog.php#!campus/all/abstractModuleView.asp?gguid=0x14B17D64016ECA4EACC119142C08D940&camvguid=0x43A5A141FCE7D548B0EEC653DE7D3D3F&camvceid=CMPEL_8F5EF540&cafiguid=0xABA21F33AEEA4899BE1AB8E67083C2CB&tguid=0x40B784B43AED4CC9857335104533EDFB,Not Found
M-INFO-100830,Optimierung und Synthese Eingebetteter Systeme (ES1),3.0,Not Found,N/A,https://campus.studium.kit.edu/events/catalog.php#!campus/all/abstractModuleView.asp?gguid=0x012917FD6AE22E4CB98E4DAEDE0877BA&camvguid=0x3B28DA7F6ACBD945A212C0126B2118DE&camvceid=CMPEL_8F5EF540&cafiguid=0xABA21F33AEEA4899BE1AB8E67083C2CB&tguid=0x40B784B43AED4CC9857335104533EDFB,Not Found
M-INFO-100803,Echtzeitsysteme,6.0,Schriftliche Prüfung,18.08.2023,https://campus.studium.kit.edu/events/catalog.php#!campus/all/abstractModuleView.asp?gguid=0xFCC038322D3AF74D8F5CEE8A8B6AEA7A&camvguid=0x5AF7E34B421E12488920C639B262E285&camvceid=CMPEL_8F5EF540&cafiguid=0xABA21F33AEEA4899BE1AB8E67083C2CB&tguid=0x40B784B43AED4CC9857335104533EDFB,https://campus.studium.kit.edu/events/catalog.php#!campus/all/event.asp?gguid=0x3AB539D7EB874085A07E948983885233&camvguid=0x5AF7E34B421E12488920C639B262E285&camvceid=CMPEL_8F5EF540&cafiguid=&tguid=0x40B784B43AED4CC9857335104533EDFB
M-INFO-100837,Kurven und Flächen im CAD I,5.0,Mündliche Prüfung,N/A,https://campus.studium.kit.edu/events/catalog.php#!campus/all/abstractModuleView.asp?gguid=0xCBE68B1DCC89C24E86E8F22FEFA56D88&camvguid=0xA3626F6662EBAF4CBBCE8C3E0C4B779A&camvceid=CMPEL_8F5EF540&cafiguid=0xABA21F33AEEA4899BE1AB8E67083C2CB&tguid=0x40B784B43AED4CC9857335104533EDFB,https://campus.studium.kit.edu/events/catalog.php#!campus/all/event.asp?gguid=0xE7FE0C900B8344069E64282B99021D00&camvguid=0xA3626F6662EBAF4CBBCE8C3E0C4B779A&camvceid=CMPEL_8F5EF540&cafiguid=&tguid=0x40B784B43AED4CC9857335104533EDFB
M-INFO-100818,Rechnerstrukturen,6.0,Schriftliche Prüfung,08.08.2023,https://campus.studium.kit.edu/events/catalog.php#!campus/all/abstractModuleView.asp?gguid=0x60F0548AB688414087884F8143C1BABD&camvguid=0xC1C7EFC3A9A3AE4F9FF6CE0EC46825B1&camvceid=CMPEL_8F5EF540&cafiguid=0xABA21F33AEEA4899BE1AB8E67083C2CB&tguid=0x40B784B43AED4CC9857335104533EDFB,https://campus.studium.kit.edu/events/catalog.php#!campus/all/event.asp?gguid=0xC6EBE54DFAAC4C3EBE2C5AE2FE9C3056&camvguid=0xC1C7EFC3A9A3AE4F9FF6CE0EC46825B1&camvceid=CMPEL_8F5EF540&cafiguid=&tguid=0x40B784B43AED4CC9857335104533EDFB
M-INFO-100841,Formale Systeme II: Theorie,5.0,Not Found,N/A,https://campus.studium.kit.edu/events/catalog.php#!campus/all/abstractModuleView.asp?gguid=0x86F8A14505F2914D975847F4E582AB2F&camvguid=0x5D46533AC88C8343903D11077772350F&camvceid=CMPEL_8F5EF540&cafiguid=0xABA21F33AEEA4899BE1AB8E67083C2CB&tguid=0x40B784B43AED4CC9857335104533EDFB,Not Found
M-INFO-100824,Mensch-Maschine-Wechselwirkung in der Anthropomatik: Basiswissen,3.0,Schriftliche Prüfung,12.07.2023,https://campus.studium.kit.edu/events/catalog.php#!campus/all/abstractModuleView.asp?gguid=0x96A4406EBF9A4D4885E0ACB76AC55A01&camvguid=0x381C3E158380CD45B95A47FE27A20D66&camvceid=CMPEL_8F5EF540&cafiguid=0xABA21F33AEEA4899BE1AB8E67083C2CB&tguid=0x40B784B43AED4CC9857335104533EDFB,https://campus.studium.kit.edu/events/catalog.php#!campus/all/event.asp?gguid=0x5DB75E9D4C054757B525666EE800F2E3&camvguid=0x381C3E158380CD45B95A47FE27A20D66&camvceid=CMPEL_8F5EF540&cafiguid=&tguid=0x40B784B43AED4CC9857335104533EDFB
M-INFO-100839,Unscharfe Mengen,6.0,Mündliche Prüfung,N/A,https://campus.studium.kit.edu/events/catalog.php#!campus/all/abstractModuleView.asp?gguid=0x9C5DE391B493494ABC3D25D4EE25D361&camvguid=0x2F78C1867D93BB479AF354385953968D&camvceid=CMPEL_8F5EF540&cafiguid=0xABA21F33AEEA4899BE1AB8E67083C2CB&tguid=0x40B784B43AED4CC9857335104533EDFB,https://campus.studium.kit.edu/events/catalog.php#!campus/all/event.asp?gguid=0xC5EC1ECD98FD475A9C5B8334E7171F1C&camvguid=0x2F78C1867D93BB479AF354385953968D&camvceid=CMPEL_8F5EF540&cafiguid=&tguid=0x40B784B43AED4CC9857335104533EDFB
M-INFO-100826,Automatische Sichtprüfung und Bildverarbeitung,6.0,Schriftliche Prüfung,03.10.2023,https://campus.studium.kit.edu/events/catalog.php#!campus/all/abstractModuleView.asp?gguid=0xCEDF7DB984DEE04F99E2707C9374A221&camvguid=0x66F2E3608502AE4A80DE580F3939E06C&camvceid=CMPEL_8F5EF540&cafiguid=0xABA21F33AEEA4899BE1AB8E67083C2CB&tguid=0x40B784B43AED4CC9857335104533EDFB,https://campus.studium.kit.edu/events/catalog.php#!campus/all/event.asp?gguid=0x8A51511B31B04EFB970A430560C0EBA7&camvguid=0x66F2E3608502AE4A80DE580F3939E06C&camvceid=CMPEL_8F5EF540&cafiguid=&tguid=0x40B784B43AED4CC9857335104533EDFB
M-INFO-100840,Lokalisierung mobiler Agenten,6.0,Mündliche Prüfung,N/A,https://campus.studium.kit.edu/events/catalog.php#!campus/all/abstractModuleView.asp?gguid=0x36A2C71CB54A2B42B9723DEBA7120D54&camvguid=0xA7D5F2CBDF5CB74892A2CD3D7E4C4E11&camvceid=CMPEL_8F5EF540&cafiguid=0xABA21F33AEEA4899BE1AB8E67083C2CB&tguid=0x40B784B43AED4CC9857335104533EDFB,https://campus.studium.kit.edu/events/catalog.php#!campus/all/event.asp?gguid=0x5D9EC613E4B445C98555D1995D1F2E61&camvguid=0xA7D5F2CBDF5CB74892A2CD3D7E4C4E11&camvceid=CMPEL_8F5EF540&cafiguid=&tguid=0x40B784B43AED4CC9857335104533EDFB
M-INFO-100844,Software-Architektur und -Qualität,3.0,Mündliche Prüfung,N/A,https://campus.studium.kit.edu/events/catalog.php#!campus/all/abstractModuleView.asp?gguid=0x826567B1AEAFF24E98E8758AE236C939&camvguid=0x013C8D9F8A3FD544BD656FF0496D04BC&camvceid=CMPEL_8F5EF540&cafiguid=0xABA21F33AEEA4899BE1AB8E67083C2CB&tguid=0x40B784B43AED4CC9857335104533EDFB,https://campus.studium.kit.edu/events/catalog.php#!campus/all/event.asp?gguid=0xC615F71B88C1458298DE6B718BA3EDFA&camvguid=0x013C8D9F8A3FD544BD656FF0496D04BC&camvceid=CMPEL_8F5EF540&cafiguid=&tguid=0x40B784B43AED4CC9857335104533EDFB
M-INFO-100847,Grundlagen der Automatischen Spracherkennung,6.0,Mündliche Prüfung,N/A,https://campus.studium.kit.edu/events/catalog.php#!campus/all/abstractModuleView.asp?gguid=0xAA3C13681C3EC547AD88F18A80EBD21F&camvguid=0x881D93C82C0A97419863B3F0233B149A&camvceid=CMPEL_8F5EF540&cafiguid=0xABA21F33AEEA4899BE1AB8E67083C2CB&tguid=0x40B784B43AED4CC9857335104533EDFB,https://campus.studium.kit.edu/events/catalog.php#!campus/all/event.asp?gguid=0x3B151BDCFB3F47B2B39B560F82CFC52A&camvguid=0x881D93C82C0A97419863B3F0233B149A&camvceid=CMPEL_8F5EF540&cafiguid=&tguid=0x40B784B43AED4CC9857335104533EDFB
M-INFO-100856,Computergrafik,6.0,Not Found,N/A,https://campus.studium.kit.edu/events/catalog.php#!campus/student/specificModuleView.asp?gguid=0xE2971F16127D473482D70FCBE225D897&tguid=0x40B784B43AED4CC9857335104533EDFB,Not Found
M-INFO-100850,Reliable Computing I,3.0,Mündliche Prüfung,N/A,https://campus.studium.kit.edu/events/catalog.php#!campus/all/abstractModuleView.asp?gguid=0xA1A9AFAD8FAC6F49AF2E4A353269EC6E&camvguid=0x2F8065089BE7FC4384A7EAB68C8B04DE&camvceid=CMPEL_8F5EF540&cafiguid=0xABA21F33AEEA4899BE1AB8E67083C2CB&tguid=0x40B784B43AED4CC9857335104533EDFB,https://campus.studium.kit.edu/events/catalog.php#!campus/all/event.asp?gguid=0xE7B26E3EBE7A4BB986F159C196A545A7&camvguid=0x2F8065089BE7FC4384A7EAB68C8B04DE&camvceid=CMPEL_8F5EF540&cafiguid=&tguid=0x40B784B43AED4CC9857335104533EDFB
M-INFO-100825,Mustererkennung,6.0,Schriftliche Prüfung,24.09.2023,https://campus.studium.kit.edu/events/catalog.php#!campus/all/abstractModuleView.asp?gguid=0xD6EA7196C0F31047A98DEB54A625E7F5&camvguid=0x949DB4A5B71044A296B7F78419055029&camvceid=CMPEL_8F5EF540&cafiguid=0xABA21F33AEEA4899BE1AB8E67083C2CB&tguid=0x40B784B43AED4CC9857335104533EDFB,https://campus.studium.kit.edu/events/catalog.php#!campus/all/event.asp?gguid=0xEAB69F98803A4604B7305AC04CA06B32&camvguid=0x949DB4A5B71044A296B7F78419055029&camvceid=CMPEL_8F5EF540&cafiguid=&tguid=0x40B784B43AED4CC9857335104533EDFB
M-INFO-100848,Maschinelle Übersetzung,6.0,Mündliche Prüfung,N/A,https://campus.studium.kit.edu/events/catalog.php#!campus/all/abstractModuleView.asp?gguid=0x9DACFD390E3B1646A9464B27D349DDAE&camvguid=0x4ADE78B281FE5E4BA516AE5426DE4C92&camvceid=CMPEL_8F5EF540&cafiguid=0xABA21F33AEEA4899BE1AB8E67083C2CB&tguid=0x40B784B43AED4CC9857335104533EDFB,https://campus.studium.kit.edu/events/catalog.php#!campus/all/event.asp?gguid=0x5FE5DDE8547F46BDAE159B475AC0CE1C&camvguid=0x4ADE78B281FE5E4BA516AE5426DE4C92&camvceid=CMPEL_8F5EF540&cafiguid=&tguid=0x40B784B43AED4CC9857335104533EDFB
M-INFO-100833,Softwaretechnik II,6.0,Schriftliche Prüfung,05.09.2023,https://campus.studium.kit.edu/events/catalog.php#!campus/all/abstractModuleView.asp?gguid=0x2713BF35B7E7844D879357975B9A414A&camvguid=0xF86DD62F0D7C824AB25125836646DE4D&camvceid=CMPEL_8F5EF540&cafiguid=0xABA21F33AEEA4899BE1AB8E67083C2CB&tguid=0x40B784B43AED4CC9857335104533EDFB,https://campus.studium.kit.edu/events/catalog.php#!campus/all/event.asp?gguid=0xB34A1040FC464124896D1EE4F52D6E4C&camvguid=0xF86DD62F0D7C824AB25125836646DE4D&camvceid=CMPEL_8F5EF540&cafiguid=&tguid=0x40B784B43AED4CC9857335104533EDFB
M-INFO-100851,Testing Digital Systems I,3.0,Mündliche Prüfung,N/A,https://campus.studium.kit.edu/events/catalog.php#!campus/all/abstractModuleView.asp?gguid=0x1AC5C88BAF48E24397EB3FBCEC8ACBE3&camvguid=0x5132CCC6152392449A96FCAB323B5609&camvceid=CMPEL_8F5EF540&cafiguid=0xABA21F33AEEA4899BE1AB8E67083C2CB&tguid=0x40B784B43AED4CC9857335104533EDFB,https://campus.studium.kit.edu/events/catalog.php#!campus/all/event.asp?gguid=0xC23105DCD4824B38B3005CC5855A2F04&camvguid=0x5132CCC6152392449A96FCAB323B5609&camvceid=CMPEL_8F5EF540&cafiguid=&tguid=0x40B784B43AED4CC9857335104533EDFB
M-INFO-100852,Inhaltsbasierte Bild- und Videoanalyse,3.0,Not Found,N/A,https://campus.studium.kit.edu/events/catalog.php#!campus/all/abstractModuleView.asp?gguid=0x2F748C816EB56F4EA38BA7E1D75A513A&camvguid=0xF2317CA063E8AB4984C19EE88921662E&camvceid=CMPEL_8F5EF540&cafiguid=0xABA21F33AEEA4899BE1AB8E67083C2CB&tguid=0x40B784B43AED4CC9857335104533EDFB,Not Found
M-INFO-100867,Virtuelle Systeme,3.0,Mündliche Prüfung,N/A,https://campus.studium.kit.edu/events/catalog.php#!campus/all/abstractModuleView.asp?gguid=0x3C2F578013CA054CBC0D73726B12A8D4&camvguid=0x687BA5B53B5BB44885602E66F478B75F&camvceid=CMPEL_8F5EF540&cafiguid=0xABA21F33AEEA4899BE1AB8E67083C2CB&tguid=0x40B784B43AED4CC9857335104533EDFB,https://campus.studium.kit.edu/events/catalog.php#!campus/all/event.asp?gguid=0x12B2CB8806A74432802FA64EDFCEE325&camvguid=0x687BA5B53B5BB44885602E66F478B75F&camvceid=CMPEL_8F5EF540&cafiguid=&tguid=0x40B784B43AED4CC9857335104533EDFB
M-INFO-100853,Symmetrische Verschlüsselungsverfahren,3.0,Mündliche Prüfung,N/A,https://campus.studium.kit.edu/events/catalog.php#!campus/all/abstractModuleView.asp?gguid=0x78AD7E36B3078E43B7CF7FB0F0A113E1&camvguid=0x17CC442EE66073429E8B3033B8BB6066&camvceid=CMPEL_8F5EF540&cafiguid=0xABA21F33AEEA4899BE1AB8E67083C2CB&tguid=0x40B784B43AED4CC9857335104533EDFB,https://campus.studium.kit.edu/events/catalog.php#!campus/all/event.asp?gguid=0x12F9809D6DE5425294ADF2B54A3DC32A&camvguid=0x17CC442EE66073429E8B3033B8BB6066&camvceid=CMPEL_8F5EF540&cafiguid=&tguid=0x40B784B43AED4CC9857335104533EDFB
M-INFO-101237,Algorithmische Methoden für schwere Optimierungsprobleme,5.0,Not Found,N/A,https://campus.studium.kit.edu/events/catalog.php#!campus/all/abstractModuleView.asp?gguid=0x9DADDEB30F300B42A49D31EE3B017BF4&camvguid=0xB0285DAB2F8C1449936FAF844DFDC625&camvceid=CMPEL_8F5EF540&cafiguid=0xABA21F33AEEA4899BE1AB8E67083C2CB&tguid=0x40B784B43AED4CC9857335104533EDFB,Not Found
M-INFO-101213,Kurven und Flächen im CAD III,5.0,Not Found,N/A,https://campus.studium.kit.edu/events/catalog.php#!campus/all/abstractModuleView.asp?gguid=0xA386CA89730ADE41AC32FDC91C07860E&camvguid=0x0FB8DB52A1A32645BDC0D73A4CA056D7&camvceid=CMPEL_8F5EF540&cafiguid=0xABA21F33AEEA4899BE1AB8E67083C2CB&tguid=0x40B784B43AED4CC9857335104533EDFB,Not Found
M-INFO-101183,Mikroprozessoren I,3.0,Mündliche Prüfung,N/A,https://campus.studium.kit.edu/events/catalog.php#!campus/all/abstractModuleView.asp?gguid=0x93B9809852677A4585D1FB99DEAEF600&camvguid=0xC1D5DC8B9A9EB942A5B2F8DBB07CD1F4&camvceid=CMPEL_8F5EF540&cafiguid=0xABA21F33AEEA4899BE1AB8E67083C2CB&tguid=0x40B784B43AED4CC9857335104533EDFB,https://campus.studium.kit.edu/events/catalog.php#!campus/all/event.asp?gguid=0x7BAF946CCA854D359D9A5D329F06EFCA&camvguid=0xC1D5DC8B9A9EB942A5B2F8DBB07CD1F4&camvceid=CMPEL_8F5EF540&cafiguid=&tguid=0x40B784B43AED4CC9857335104533EDFB
M-INFO-100895,Informationsverarbeitung in Sensornetzwerken,6.0,Mündliche Prüfung,N/A,https://campus.studium.kit.edu/events/catalog.php#!campus/all/abstractModuleView.asp?gguid=0x64A9BC8B5C464048A73F12EB58081525&camvguid=0x9E6A11667248AC4EA776988444F404A2&camvceid=CMPEL_8F5EF540&cafiguid=0xABA21F33AEEA4899BE1AB8E67083C2CB&tguid=0x40B784B43AED4CC9857335104533EDFB,https://campus.studium.kit.edu/events/catalog.php#!campus/all/event.asp?gguid=0x8BE2A1FA52B84B5F9691442F13102DB5&camvguid=0x9E6A11667248AC4EA776988444F404A2&camvceid=CMPEL_8F5EF540&cafiguid=&tguid=0x40B784B43AED4CC9857335104533EDFB
M-INFO-101231,Kurven und Flächen im CAD II,5.0,Mündliche Prüfung,N/A,https://campus.studium.kit.edu/events/catalog.php#!campus/all/abstractModuleView.asp?gguid=0xC45B2EB815C5B74DACE8E5823EE0322B&camvguid=0x4DA9B6AEBCA52F48815680A7BABF11B9&camvceid=CMPEL_8F5EF540&cafiguid=0xABA21F33AEEA4899BE1AB8E67083C2CB&tguid=0x40B784B43AED4CC9857335104533EDFB,https://campus.studium.kit.edu/events/catalog.php#!campus/all/event.asp?gguid=0x2C9DF72A0EAC423994B074621B35A73B&camvguid=0x4DA9B6AEBCA52F48815680A7BABF11B9&camvceid=CMPEL_8F5EF540&cafiguid=&tguid=0x40B784B43AED4CC9857335104533EDFB
M-INFO-101220,Algorithmen für planare Graphen,5.0,Mündliche Prüfung,N/A,https://campus.studium.kit.edu/events/catalog.php#!campus/all/abstractModuleView.asp?gguid=0xB1175D75A7F49C4EA33A5A434C5C53FB&camvguid=0xF721C9A5A0709D43B8C78627125F0470&camvceid=CMPEL_8F5EF540&cafiguid=0xABA21F33AEEA4899BE1AB8E67083C2CB&tguid=0x40B784B43AED4CC9857335104533EDFB,https://campus.studium.kit.edu/events/catalog.php#!campus/all/event.asp?gguid=0xA60C1C6DCE3F4BCAA665564BDB17C30D&camvguid=0xF721C9A5A0709D43B8C78627125F0470&camvceid=CMPEL_8F5EF540&cafiguid=&tguid=0x40B784B43AED4CC9857335104533EDFB
M-INFO-101248,Kurven im CAD,5.0,Mündliche Prüfung,N/A,https://campus.studium.kit.edu/events/catalog.php#!campus/all/abstractModuleView.asp?gguid=0xBD3A9FB3EC9CE646B1CDF58180E3B03E&camvguid=0xC62ABD2EC9122848A596E7F5ACC3FD3D&camvceid=CMPEL_8F5EF540&cafiguid=0xABA21F33AEEA4899BE1AB8E67083C2CB&tguid=0x40B784B43AED4CC9857335104533EDFB,https://campus.studium.kit.edu/events/catalog.php#!campus/all/event.asp?gguid=0xB0DC4712953F4B528EDC7FADF39B6D34&camvguid=0xC62ABD2EC9122848A596E7F5ACC3FD3D&camvceid=CMPEL_8F5EF540&cafiguid=&tguid=0x40B784B43AED4CC9857335104533EDFB
M-INFO-101254,Flächen im CAD,5.0,Mündliche Prüfung,N/A,https://campus.studium.kit.edu/events/catalog.php#!campus/all/abstractModuleView.asp?gguid=0x4C36630788E6A148AC76AE7B5A52BDA7&camvguid=0xBADD09F40E8E6E48AF6C747606A36461&camvceid=CMPEL_8F5EF540&cafiguid=0xABA21F33AEEA4899BE1AB8E67083C2CB&tguid=0x40B784B43AED4CC9857335104533EDFB,https://campus.studium.kit.edu/events/catalog.php#!campus/all/event.asp?gguid=0x5229E97E335B4E11942F26D90DE9FA4E&camvguid=0xBADD09F40E8E6E48AF6C747606A36461&camvceid=CMPEL_8F5EF540&cafiguid=&tguid=0x40B784B43AED4CC9857335104533EDFB
M-INFO-101573,Hands-on Bioinformatics Practical,3.0,Not Found,N/A,https://campus.studium.kit.edu/events/catalog.php#!campus/all/abstractModuleView.asp?gguid=0x5F8E1067CD73A84F9F28127650FF1DD0&camvguid=0xB7ED02828C159B41BAB2F851774F8483&camvceid=CMPEL_8F5EF540&cafiguid=0xABA21F33AEEA4899BE1AB8E67083C2CB&tguid=0x40B784B43AED4CC9857335104533EDFB,Not Found
M-INFO-101636,Web-Anwendungen und Serviceorientierte Architekturen (I),4.0,Not Found,N/A,https://campus.studium.kit.edu/events/catalog.php#!campus/all/abstractModuleView.asp?gguid=0x042CD5FC054DEC4C8EC1C8FCC232B8FD&camvguid=0xDA6E978284F43F459307E47EAD0FBCE3&camvceid=CMPEL_8F5EF540&cafiguid=0xABA21F33AEEA4899BE1AB8E67083C2CB&tguid=0x40B784B43AED4CC9857335104533EDFB,Not Found
M-INFO-101173,Algorithmen II,6.0,Schriftliche Prüfung,17.09.2023,https://campus.studium.kit.edu/events/catalog.php#!campus/all/abstractModuleView.asp?gguid=0xD7207E3CD8D4D04E9008A0D40D2B7C43&camvguid=0xA90024F2D0201E40BDFF6D684C5FEBB9&camvceid=CMPEL_8F5EF540&cafiguid=0xABA21F33AEEA4899BE1AB8E67083C2CB&tguid=0x40B784B43AED4CC9857335104533EDFB,https://campus.studium.kit.edu/events/catalog.php#!campus/all/event.asp?gguid=0x54ACB621087C4974B6AAE3533226E49C&camvguid=0xA90024F2D0201E40BDFF6D684C5FEBB9&camvceid=CMPEL_8F5EF540&cafiguid=&tguid=0x40B784B43AED4CC9857335104533EDFB
M-INFO-101575,"Komplexitätstheorie, mit Anwendungen in der Kryptographie",6.0,Mündliche Prüfung,N/A,https://campus.studium.kit.edu/events/catalog.php#!campus/all/abstractModuleView.asp?gguid=0xA6EC25D9C88AE94595A9FC0A29A93048&camvguid=0xEC24694785FCE94D92411874F9EDCDAB&camvceid=CMPEL_8F5EF540&cafiguid=0xABA21F33AEEA4899BE1AB8E67083C2CB&tguid=0x40B784B43AED4CC9857335104533EDFB,https://campus.studium.kit.edu/events/catalog.php#!campus/all/event.asp?gguid=0x80756A5309044000853A1011EB202F68&camvguid=0xEC24694785FCE94D92411874F9EDCDAB&camvceid=CMPEL_8F5EF540&cafiguid=&tguid=0x40B784B43AED4CC9857335104533EDFB
M-INFO-101857,Rationale Splines,3.0,Not Found,N/A,https://campus.studium.kit.edu/events/catalog.php#!campus/all/abstractModuleView.asp?gguid=0x072CA4C71E13254F9E1AE49AF8DFF167&camvguid=0x7012F379CD26B248808E0C3A34266ABC&camvceid=CMPEL_8F5EF540&cafiguid=0xABA21F33AEEA4899BE1AB8E67083C2CB&tguid=0x40B784B43AED4CC9857335104533EDFB,Not Found
M-INFO-101863,Unterteilungsalgorithmen,3.0,Not Found,N/A,https://campus.studium.kit.edu/events/catalog.php#!campus/all/abstractModuleView.asp?gguid=0x286D4EF4E656F647B0C2A7283BE91AB3&camvguid=0xAE6A0033CF0F004A99656659904C3F24&camvceid=CMPEL_8F5EF540&cafiguid=0xABA21F33AEEA4899BE1AB8E67083C2CB&tguid=0x40B784B43AED4CC9857335104533EDFB,Not Found
M-INFO-101853,Rationale Splines,5.0,Not Found,N/A,https://campus.studium.kit.edu/events/catalog.php#!campus/all/abstractModuleView.asp?gguid=0xC3FA42699E53D34FBAD5E34F42425EF0&camvguid=0x6BD41156D454EC46BBE43C3CECA51E5B&camvceid=CMPEL_8F5EF540&cafiguid=0xABA21F33AEEA4899BE1AB8E67083C2CB&tguid=0x40B784B43AED4CC9857335104533EDFB,Not Found
M-INFO-101885,Energieinformatik 1,5.0,Studienleistung,N/A,https://campus.studium.kit.edu/events/catalog.php#!campus/all/abstractModuleView.asp?gguid=0x80EC243504E4C74C98464F034227A2D1&camvguid=0x2016988283384856BCAA49245608770E&camvceid=CMPEL_8F5EF540&cafiguid=0xABA21F33AEEA4899BE1AB8E67083C2CB&tguid=0x40B784B43AED4CC9857335104533EDFB,https://campus.studium.kit.edu/events/catalog.php#!campus/all/event.asp?gguid=0xF51F6002289F4BC3BD360DCA0BA06FE7&camvguid=0x2016988283384856BCAA49245608770E&camvceid=CMPEL_8F5EF540&cafiguid=&tguid=0x40B784B43AED4CC9857335104533EDFB
M-INFO-101864,Unterteilungsalgorithmen,5.0,Mündliche Prüfung,N/A,https://campus.studium.kit.edu/events/catalog.php#!campus/all/abstractModuleView.asp?gguid=0xD7DFB11DA2C4B045898A0F7979920D50&camvguid=0x15DA53C97EDFF042B85793BED3F30BAC&camvceid=CMPEL_8F5EF540&cafiguid=0xABA21F33AEEA4899BE1AB8E67083C2CB&tguid=0x40B784B43AED4CC9857335104533EDFB,https://campus.studium.kit.edu/events/catalog.php#!campus/all/event.asp?gguid=0x825589B555164F28A85643A6540B7FDE&camvguid=0x15DA53C97EDFF042B85793BED3F30BAC&camvceid=CMPEL_8F5EF540&cafiguid=&tguid=0x40B784B43AED4CC9857335104533EDFB
M-INFO-101249,Mobile Computing und Internet der Dinge,5.0,Schriftliche Prüfung,31.07.2023,https://campus.studium.kit.edu/events/catalog.php#!campus/all/abstractModuleView.asp?gguid=0xA1C6FFEF49070A4F84906B4FF94FE536&camvguid=0x96C44DD6FA034448B4BEC0C410F96CB2&camvceid=CMPEL_8F5EF540&cafiguid=0xABA21F33AEEA4899BE1AB8E67083C2CB&tguid=0x40B784B43AED4CC9857335104533EDFB,https://campus.studium.kit.edu/events/catalog.php#!campus/all/event.asp?gguid=0x8B8CAF96792943F09DAE8A256ADA2655&camvguid=0x96C44DD6FA034448B4BEC0C410F96CB2&camvceid=CMPEL_8F5EF540&cafiguid=&tguid=0x40B784B43AED4CC9857335104533EDFB
M-INFO-102093,Algorithmen für Ad-hoc- und Sensornetze,5.0,Not Found,N/A,https://campus.studium.kit.edu/events/catalog.php#!campus/all/abstractModuleView.asp?gguid=0xDADD7FB09304E14EA8686BF368531CF7&camvguid=0x3EA39DE9A156ED46A6675FEA9523DED1&camvceid=CMPEL_8F5EF540&cafiguid=0xABA21F33AEEA4899BE1AB8E67083C2CB&tguid=0x40B784B43AED4CC9857335104533EDFB,Not Found
M-INFO-100893,Robotik I - Einführung in die Robotik,6.0,Schriftliche Prüfung,05.07.2023,https://campus.studium.kit.edu/events/catalog.php#!campus/all/abstractModuleView.asp?gguid=0x5D4CDD2216E2064AB79D29D0D7352F1B&camvguid=0x1DA73255A2D6411597352EE9CA9AC1E7&camvceid=CMPEL_8F5EF540&cafiguid=0xABA21F33AEEA4899BE1AB8E67083C2CB&tguid=0x40B784B43AED4CC9857335104533EDFB,https://campus.studium.kit.edu/events/catalog.php#!campus/all/event.asp?gguid=0xB9B4F32A424B4C67B09B7B145F26F060&camvguid=0x1DA73255A2D6411597352EE9CA9AC1E7&camvceid=CMPEL_8F5EF540&cafiguid=&tguid=0x40B784B43AED4CC9857335104533EDFB
M-INFO-102226,Angewandte Differentialgeometrie mit Übung,5.0,Not Found,N/A,https://campus.studium.kit.edu/events/catalog.php#!campus/all/abstractModuleView.asp?gguid=0x2618F58075C8D34DAB82B2EDE62C4D89&camvguid=0xFBD40FE1DE2C4A48B9B744814C68BC3A&camvceid=CMPEL_8F5EF540&cafiguid=0xABA21F33AEEA4899BE1AB8E67083C2CB&tguid=0x40B784B43AED4CC9857335104533EDFB,Not Found
M-INFO-102094,Algorithmen zur Visualisierung von Graphen,5.0,Mündliche Prüfung,N/A,https://campus.studium.kit.edu/events/catalog.php#!campus/all/abstractModuleView.asp?gguid=0xE64673B0BE10D241B032DE786922A70A&camvguid=0xC9E7F598277C5A48859E1F39E424E918&camvceid=CMPEL_8F5EF540&cafiguid=0xABA21F33AEEA4899BE1AB8E67083C2CB&tguid=0x40B784B43AED4CC9857335104533EDFB,https://campus.studium.kit.edu/events/catalog.php#!campus/all/event.asp?gguid=0x7E4495A1DC4340CEAFB25C22734C254F&camvguid=0xC9E7F598277C5A48859E1F39E424E918&camvceid=CMPEL_8F5EF540&cafiguid=&tguid=0x40B784B43AED4CC9857335104533EDFB
M-INFO-102110,Algorithmische Geometrie,6.0,Not Found,N/A,https://campus.studium.kit.edu/events/catalog.php#!campus/all/abstractModuleView.asp?gguid=0x5209947B0865E0428A350951FD46F2EF&camvguid=0xACBB5E42EACF4C09AF515FA3BFCAC404&camvceid=CMPEL_8F5EF540&cafiguid=0xABA21F33AEEA4899BE1AB8E67083C2CB&tguid=0x40B784B43AED4CC9857335104533EDFB,Not Found
M-INFO-102400,Algorithmische Methoden zur Netzwerkanalyse,5.0,Not Found,N/A,https://campus.studium.kit.edu/events/catalog.php#!campus/all/abstractModuleView.asp?gguid=0xF9DEA9937C075C498172FEB617E31931&camvguid=0x75A19BA14657534EB5CC27B0F09E7DF2&camvceid=CMPEL_8F5EF540&cafiguid=0xABA21F33AEEA4899BE1AB8E67083C2CB&tguid=0x40B784B43AED4CC9857335104533EDFB,Not Found
M-INFO-102731,Fortgeschrittene Datenstrukturen,5.0,Prüfungsleistung anderer Art,N/A,https://campus.studium.kit.edu/events/catalog.php#!campus/all/abstractModuleView.asp?gguid=0xD7227FBDD9AB8F4D9F3537B6A2F0C853&camvguid=0x2E2DBC84EBC54DA49FE3120E0181029C&camvceid=CMPEL_8F5EF540&cafiguid=0xABA21F33AEEA4899BE1AB8E67083C2CB&tguid=0x40B784B43AED4CC9857335104533EDFB,https://campus.studium.kit.edu/events/catalog.php#!campus/all/event.asp?gguid=0x45414D4620374BD3BEA7B9C45F76CDB5&camvguid=0x2E2DBC84EBC54DA49FE3120E0181029C&camvceid=CMPEL_8F5EF540&cafiguid=&tguid=0x40B784B43AED4CC9857335104533EDFB
M-INFO-102962,Testing Digital Systems II,3.0,Mündliche Prüfung,N/A,https://campus.studium.kit.edu/events/catalog.php#!campus/all/abstractModuleView.asp?gguid=0xCCD5E3C1983E714ABF0BDBA033D060FF&camvguid=0x166D5D79D1FDDB49974B723942496DDE&camvceid=CMPEL_8F5EF540&cafiguid=0xABA21F33AEEA4899BE1AB8E67083C2CB&tguid=0x40B784B43AED4CC9857335104533EDFB,https://campus.studium.kit.edu/events/catalog.php#!campus/all/event.asp?gguid=0x0EE479956DD9410AAA3828B5E77E8F81&camvguid=0x166D5D79D1FDDB49974B723942496DDE&camvceid=CMPEL_8F5EF540&cafiguid=&tguid=0x40B784B43AED4CC9857335104533EDFB
M-INFO-102968,Biometrische Systeme zur Personenerkennung,3.0,Mündliche Prüfung,N/A,https://campus.studium.kit.edu/events/catalog.php#!campus/all/abstractModuleView.asp?gguid=0x6AC1EB0186EBFE49BA08DFB55ABE1BE2&camvguid=0x0071F48DBC52394B995E093FF3C97067&camvceid=CMPEL_8F5EF540&cafiguid=0xABA21F33AEEA4899BE1AB8E67083C2CB&tguid=0x40B784B43AED4CC9857335104533EDFB,https://campus.studium.kit.edu/events/catalog.php#!campus/all/event.asp?gguid=0x4241F5C5DFF448E4BBEB134908007183&camvguid=0x0071F48DBC52394B995E093FF3C97067&camvceid=CMPEL_8F5EF540&cafiguid=&tguid=0x40B784B43AED4CC9857335104533EDFB
M-INFO-103044,Energieinformatik 2,5.0,Mündliche Prüfung,N/A,https://campus.studium.kit.edu/events/catalog.php#!campus/all/abstractModuleView.asp?gguid=0xE171A8FE39467A44AA4882B2B7AF8CC7&camvguid=0x0B27C758A9BD46F784253CFF89E0F1C9&camvceid=CMPEL_8F5EF540&cafiguid=0xABA21F33AEEA4899BE1AB8E67083C2CB&tguid=0x40B784B43AED4CC9857335104533EDFB,https://campus.studium.kit.edu/events/catalog.php#!campus/all/event.asp?gguid=0x6E3D2CD783844D039336BBE5E752F6CB&camvguid=0x0B27C758A9BD46F784253CFF89E0F1C9&camvceid=CMPEL_8F5EF540&cafiguid=&tguid=0x40B784B43AED4CC9857335104533EDFB
M-INFO-104357,Praktische Einführung in die Hardware Sicherheit,6.0,Not Found,N/A,https://campus.studium.kit.edu/events/catalog.php#!campus/all/abstractModuleView.asp?gguid=0x064B3E7F728242B2A58620BA360D11E0&camvguid=0x22A9F60EFE50415B8E51F9ED0353A8B0&camvceid=CMPEL_8F5EF540&cafiguid=0xABA21F33AEEA4899BE1AB8E67083C2CB&tguid=0x40B784B43AED4CC9857335104533EDFB,Not Found
M-INFO-104447,Automated Planning and Scheduling,5.0,Not Found,N/A,https://campus.studium.kit.edu/events/catalog.php#!campus/all/abstractModuleView.asp?gguid=0x16E361D16BDF4833AFA53C404B756725&camvguid=0xD440DB5E400D4CACAFEB17DAC1C2A127&camvceid=CMPEL_8F5EF540&cafiguid=0xABA21F33AEEA4899BE1AB8E67083C2CB&tguid=0x40B784B43AED4CC9857335104533EDFB,Not Found
M-INFO-104892,Angewandte Differentialgeometrie ,3.0,Not Found,N/A,https://campus.studium.kit.edu/events/catalog.php#!campus/all/abstractModuleView.asp?gguid=0xBAACFFA72EC9455E9B440AC3C13315FF&camvguid=0x0004F326790E4CD0B2D039BDC070032B&camvceid=CMPEL_8F5EF540&cafiguid=0xABA21F33AEEA4899BE1AB8E67083C2CB&tguid=0x40B784B43AED4CC9857335104533EDFB,Not Found
M-INFO-104877,Sichere Mensch-Roboter-Kollaboration,3.0,Not Found,N/A,https://campus.studium.kit.edu/events/catalog.php#!campus/all/abstractModuleView.asp?gguid=0x18EA8D02C0394FF497902F4B7FDAF8D4&camvguid=0xABE35E7AA6054B179B39D6B74F4EFB41&camvceid=CMPEL_8F5EF540&cafiguid=0xABA21F33AEEA4899BE1AB8E67083C2CB&tguid=0x40B784B43AED4CC9857335104533EDFB,Not Found
M-INFO-104894,Reinforcement Learning und neuronale Netze in der Robotik,3.0,Not Found,N/A,https://campus.studium.kit.edu/events/catalog.php#!campus/all/abstractModuleView.asp?gguid=0x8D0F98D930D446F6A5D525EE4ABAB6B3&camvguid=0x6A34411CDD3747F3B0DFC2DFB7A33A12&camvceid=CMPEL_8F5EF540&cafiguid=0xABA21F33AEEA4899BE1AB8E67083C2CB&tguid=0x40B784B43AED4CC9857335104533EDFB,Not Found
M-INFO-105311,Konzepte zur Verarbeitung geometrischer Daten,5.0,Mündliche Prüfung,N/A,https://campus.studium.kit.edu/events/catalog.php#!campus/all/abstractModuleView.asp?gguid=0xE3AAE481954446B2B7D97107684A7511&camvguid=0x142C266A19EF4FD9BF2BE7C6C8E85710&camvceid=CMPEL_8F5EF540&cafiguid=0xABA21F33AEEA4899BE1AB8E67083C2CB&tguid=0x40B784B43AED4CC9857335104533EDFB,https://campus.studium.kit.edu/events/catalog.php#!campus/all/event.asp?gguid=0x9F3D8EE07B494805A3645C6EB7FA3844&camvguid=0x142C266A19EF4FD9BF2BE7C6C8E85710&camvceid=CMPEL_8F5EF540&cafiguid=&tguid=0x40B784B43AED4CC9857335104533EDFB
M-INFO-104045,Datenschutz von Anonymisierung bis Zugriffskontrolle,3.0,Schriftliche Prüfung,17.10.2023,https://campus.studium.kit.edu/events/catalog.php#!campus/all/abstractModuleView.asp?gguid=0x78175AEF66384879BA1C7AB78841552F&camvguid=0xB1F0E74E6B024FAB985E8462F11FF007&camvceid=CMPEL_8F5EF540&cafiguid=0xABA21F33AEEA4899BE1AB8E67083C2CB&tguid=0x40B784B43AED4CC9857335104533EDFB,https://campus.studium.kit.edu/events/catalog.php#!campus/all/event.asp?gguid=0x8A53CAD8F16B4F779DE5FF2A427FF370&camvguid=0xB1F0E74E6B024FAB985E8462F11FF007&camvceid=CMPEL_8F5EF540&cafiguid=&tguid=0x40B784B43AED4CC9857335104533EDFB
M-INFO-105329,Optimization Methods for Machine Learning and Engineering,5.0,Mündliche Prüfung,N/A,https://campus.studium.kit.edu/events/catalog.php#!campus/all/abstractModuleView.asp?gguid=0x31E90D60F4CE434B810FBE452C9ED06C&camvguid=0x377B0AB89C204EF8B561B95913274CD1&camvceid=CMPEL_8F5EF540&cafiguid=0xABA21F33AEEA4899BE1AB8E67083C2CB&tguid=0x40B784B43AED4CC9857335104533EDFB,https://campus.studium.kit.edu/events/catalog.php#!campus/all/event.asp?gguid=0xD1498BB3F6FC43798289D6625F920EAD&camvguid=0x377B0AB89C204EF8B561B95913274CD1&camvceid=CMPEL_8F5EF540&cafiguid=&tguid=0x40B784B43AED4CC9857335104533EDFB
M-INFO-102756,Robotik II - Humanoide Robotik,3.0,Schriftliche Prüfung,25.08.2023,https://campus.studium.kit.edu/events/catalog.php#!campus/all/abstractModuleView.asp?gguid=0x2C31C09D15CB774E80FEA70864E58743&camvguid=0x75AC25E6441849F1909F7F0CD611F5AF&camvceid=CMPEL_8F5EF540&cafiguid=0xABA21F33AEEA4899BE1AB8E67083C2CB&tguid=0x40B784B43AED4CC9857335104533EDFB,https://campus.studium.kit.edu/events/catalog.php#!campus/all/event.asp?gguid=0xDFA6B24A3FA1455681AE3AA942021DBC&camvguid=0x75AC25E6441849F1909F7F0CD611F5AF&camvceid=CMPEL_8F5EF540&cafiguid=&tguid=0x40B784B43AED4CC9857335104533EDFB
M-INFO-105334,"Decentralized Systems: Fundamentals, Modeling, and Applications",6.0,Mündliche Prüfung,N/A,https://campus.studium.kit.edu/events/catalog.php#!campus/all/abstractModuleView.asp?gguid=0x85545BB9B60F4BF082DC892ECD643C63&camvguid=0x7DC6D82835874F559864105F5D588C66&camvceid=CMPEL_8F5EF540&cafiguid=0xABA21F33AEEA4899BE1AB8E67083C2CB&tguid=0x40B784B43AED4CC9857335104533EDFB,https://campus.studium.kit.edu/events/catalog.php#!campus/all/event.asp?gguid=0xA93202774AE24AEB83F40D74A02AFC94&camvguid=0x7DC6D82835874F559864105F5D588C66&camvceid=CMPEL_8F5EF540&cafiguid=&tguid=0x40B784B43AED4CC9857335104533EDFB
M-INFO-105376,Maschinelles Lernen für die Computersicherheit,5.0,Not Found,N/A,https://campus.studium.kit.edu/events/catalog.php#!campus/all/abstractModuleView.asp?gguid=0xB7E57E0252194B8CB309D76C580C7F03&camvguid=0x7EC7E7ACA6944A3E89176E71AC10B4B6&camvceid=CMPEL_8F5EF540&cafiguid=0xABA21F33AEEA4899BE1AB8E67083C2CB&tguid=0x40B784B43AED4CC9857335104533EDFB,Not Found
M-INFO-104460,Deep Learning und Neuronale Netze,6.0,Schriftliche Prüfung,30.08.2023,https://campus.studium.kit.edu/events/catalog.php#!campus/all/abstractModuleView.asp?gguid=0x042EF637012744F6B0B46FFB29E50A36&camvguid=0xD30C3F7D04FF4EA6A59E968607B4D9B1&camvceid=CMPEL_8F5EF540&cafiguid=0xABA21F33AEEA4899BE1AB8E67083C2CB&tguid=0x40B784B43AED4CC9857335104533EDFB,https://campus.studium.kit.edu/events/catalog.php#!campus/all/event.asp?gguid=0xC57DF546C65E43E59CC3C7C47EF7239A&camvguid=0xD30C3F7D04FF4EA6A59E968607B4D9B1&camvceid=CMPEL_8F5EF540&cafiguid=&tguid=0x40B784B43AED4CC9857335104533EDFB
M-INFO-103294,Anziehbare Robotertechnologien,4.0,Schriftliche Prüfung,31.08.2023,https://campus.studium.kit.edu/events/catalog.php#!campus/all/abstractModuleView.asp?gguid=0x47354A056DFC4F08B6AB0B551940EE9C&camvguid=0x7B0855C40FB64EA7BC098C7BDC4C9B69&camvceid=CMPEL_8F5EF540&cafiguid=0xABA21F33AEEA4899BE1AB8E67083C2CB&tguid=0x40B784B43AED4CC9857335104533EDFB,https://campus.studium.kit.edu/events/catalog.php#!campus/all/event.asp?gguid=0x59370F5ED4104C1EAA12A5F29EEDC280&camvguid=0x7B0855C40FB64EA7BC098C7BDC4C9B69&camvceid=CMPEL_8F5EF540&cafiguid=&tguid=0x40B784B43AED4CC9857335104533EDFB
M-INFO-105338,Authentisierung und Verschlüsselung,4.0,Mündliche Prüfung,N/A,https://campus.studium.kit.edu/events/catalog.php#!campus/all/abstractModuleView.asp?gguid=0x681A30979A534C7FBC7F084ACC43FB7C&camvguid=0x811BA1B1AC8144CE842CF2F2A5F3C995&camvceid=CMPEL_8F5EF540&cafiguid=0xABA21F33AEEA4899BE1AB8E67083C2CB&tguid=0x40B784B43AED4CC9857335104533EDFB,https://campus.studium.kit.edu/events/catalog.php#!campus/all/event.asp?gguid=0x14E7E9F7591C4E2FA3C4B61809337272&camvguid=0x811BA1B1AC8144CE842CF2F2A5F3C995&camvceid=CMPEL_8F5EF540&cafiguid=&tguid=0x40B784B43AED4CC9857335104533EDFB
M-INFO-105452,Privacy Enhancing Technologies,6.0,Mündliche Prüfung,N/A,https://campus.studium.kit.edu/events/catalog.php#!campus/all/abstractModuleView.asp?gguid=0xFA3C6B58F24D421AA17FA9E815CB4ECB&camvguid=0x3CCEE23FD97A47E3ABC721FFFBDFD78C&camvceid=CMPEL_8F5EF540&cafiguid=0xABA21F33AEEA4899BE1AB8E67083C2CB&tguid=0x40B784B43AED4CC9857335104533EDFB,https://campus.studium.kit.edu/events/catalog.php#!campus/all/event.asp?gguid=0xC84A862E2C694A538C4FD76F61EABF20&camvguid=0x3CCEE23FD97A47E3ABC721FFFBDFD78C&camvceid=CMPEL_8F5EF540&cafiguid=&tguid=0x40B784B43AED4CC9857335104533EDFB
M-INFO-105471,Software-Produktlinien-Entwicklung,3.0,Mündliche Prüfung,N/A,https://campus.studium.kit.edu/events/catalog.php#!campus/all/abstractModuleView.asp?gguid=0xF9317CE93A7347A2A3EB93FCDA4B9DD8&camvguid=0x77F556E963F746B18F8694E1364CFE97&camvceid=CMPEL_8F5EF540&cafiguid=0xABA21F33AEEA4899BE1AB8E67083C2CB&tguid=0x40B784B43AED4CC9857335104533EDFB,https://campus.studium.kit.edu/events/catalog.php#!campus/all/event.asp?gguid=0x7652F0996E7B48598C0D42E3424D1A3A&camvguid=0x77F556E963F746B18F8694E1364CFE97&camvceid=CMPEL_8F5EF540&cafiguid=&tguid=0x40B784B43AED4CC9857335104533EDFB
M-INFO-105496,Beating the Worst Case in Practice: Unerwartet effiziente Algorithmen,3.0,Not Found,N/A,https://campus.studium.kit.edu/events/catalog.php#!campus/all/abstractModuleView.asp?gguid=0xCEF09F25014347FBB79AFD87D5245A37&camvguid=0xBD7997D39732490DB5A447F2CBB171FD&camvceid=CMPEL_8F5EF540&cafiguid=0xABA21F33AEEA4899BE1AB8E67083C2CB&tguid=0x40B784B43AED4CC9857335104533EDFB,Not Found
M-INFO-104897,Robotik III – Sensoren und Perzeption in der Robotik,3.0,Schriftliche Prüfung,12.09.2023,https://campus.studium.kit.edu/events/catalog.php#!campus/all/abstractModuleView.asp?gguid=0x2A8D2B6669594055A1BBF70800C2715C&camvguid=0x2A6FB9467C3C408D9898FC7122586D23&camvceid=CMPEL_8F5EF540&cafiguid=0xABA21F33AEEA4899BE1AB8E67083C2CB&tguid=0x40B784B43AED4CC9857335104533EDFB,https://campus.studium.kit.edu/events/catalog.php#!campus/all/event.asp?gguid=0x3E39A82ACE6E4920889B14BC593705E6&camvguid=0x2A6FB9467C3C408D9898FC7122586D23&camvceid=CMPEL_8F5EF540&cafiguid=&tguid=0x40B784B43AED4CC9857335104533EDFB
M-INFO-105333,Edge-AI in Software- und Sensor-Anwendungen,3.0,Schriftliche Prüfung,07.08.2023,https://campus.studium.kit.edu/events/catalog.php#!campus/all/abstractModuleView.asp?gguid=0xB50DF6B6174C4DCAA5AA8EA917D8DF60&camvguid=0x82439D6A3F7D4842A28EEDBB38B77B0E&camvceid=CMPEL_8F5EF540&cafiguid=0xABA21F33AEEA4899BE1AB8E67083C2CB&tguid=0x40B784B43AED4CC9857335104533EDFB,https://campus.studium.kit.edu/events/catalog.php#!campus/all/event.asp?gguid=0x037F0D32860949FCBB11280069DF5DF3&camvguid=0x82439D6A3F7D4842A28EEDBB38B77B0E&camvceid=CMPEL_8F5EF540&cafiguid=&tguid=0x40B784B43AED4CC9857335104533EDFB
M-INFO-105630,Maschinelles Lernen für die Naturwissenschaften mit Übung,6.0,Prüfungsleistung anderer Art,N/A,https://campus.studium.kit.edu/events/catalog.php#!campus/all/abstractModuleView.asp?gguid=0x3F3B1618B9904B1D929FB1B67C51ED5F&camvguid=0x74BE2B75625847D28FCC80B6FF949C80&camvceid=CMPEL_8F5EF540&cafiguid=0xABA21F33AEEA4899BE1AB8E67083C2CB&tguid=0x40B784B43AED4CC9857335104533EDFB,https://campus.studium.kit.edu/events/catalog.php#!campus/all/event.asp?gguid=0xDD1850B345394891B63F8F24946FFE3E&camvguid=0x74BE2B75625847D28FCC80B6FF949C80&camvceid=CMPEL_8F5EF540&cafiguid=&tguid=0x40B784B43AED4CC9857335104533EDFB
M-INFO-105724,Datenbankfunktionalität in der Cloud,5.0,Mündliche Prüfung,N/A,https://campus.studium.kit.edu/events/catalog.php#!campus/all/abstractModuleView.asp?gguid=0xBFBC620EFDB7479D9ADCAEE1E543C7DA&camvguid=0x84D234B1D8C34BF3BE7F8D45B6319866&camvceid=CMPEL_8F5EF540&cafiguid=0xABA21F33AEEA4899BE1AB8E67083C2CB&tguid=0x40B784B43AED4CC9857335104533EDFB,https://campus.studium.kit.edu/events/catalog.php#!campus/all/event.asp?gguid=0xBFB8FC2F7B364978B5DE219CC08E3402&camvguid=0x84D234B1D8C34BF3BE7F8D45B6319866&camvceid=CMPEL_8F5EF540&cafiguid=&tguid=0x40B784B43AED4CC9857335104533EDFB
M-INFO-105799,Data Science 1,5.0,Mündliche Prüfung,N/A,https://campus.studium.kit.edu/events/catalog.php#!campus/all/abstractModuleView.asp?gguid=0x70214364347D4D578A0A1C614D6E57C2&camvguid=0x382E95CBE1084247991FB336486B568C&camvceid=CMPEL_8F5EF540&cafiguid=0xABA21F33AEEA4899BE1AB8E67083C2CB&tguid=0x40B784B43AED4CC9857335104533EDFB,https://campus.studium.kit.edu/events/catalog.php#!campus/all/event.asp?gguid=0xEAFD12A9CA244A508273961360117963&camvguid=0x382E95CBE1084247991FB336486B568C&camvceid=CMPEL_8F5EF540&cafiguid=&tguid=0x40B784B43AED4CC9857335104533EDFB
M-INFO-105801,Data Science 2,3.0,Mündliche Prüfung,N/A,https://campus.studium.kit.edu/events/catalog.php#!campus/all/abstractModuleView.asp?gguid=0xF85238A634534637AB616DB0A7D7F2C4&camvguid=0x5D70696947954A939FD7B9A528CF7748&camvceid=CMPEL_8F5EF540&cafiguid=0xABA21F33AEEA4899BE1AB8E67083C2CB&tguid=0x40B784B43AED4CC9857335104533EDFB,https://campus.studium.kit.edu/events/catalog.php#!campus/all/event.asp?gguid=0xCBC23528104C489FA5C3EC5C431135F8&camvguid=0x5D70696947954A939FD7B9A528CF7748&camvceid=CMPEL_8F5EF540&cafiguid=&tguid=0x40B784B43AED4CC9857335104533EDFB
M-INFO-105882,Digitale Barrierefreiheit und Assistive Technologien,3.0,Mündliche Prüfung,N/A,https://campus.studium.kit.edu/events/catalog.php#!campus/all/abstractModuleView.asp?gguid=0x4FB692FCBB4D4EC3B3A90C758C46B456&camvguid=0x0A4BF4DC883247E8B81E059A154C4B17&camvceid=CMPEL_8F5EF540&cafiguid=0xABA21F33AEEA4899BE1AB8E67083C2CB&tguid=0x40B784B43AED4CC9857335104533EDFB,https://campus.studium.kit.edu/events/catalog.php#!campus/all/event.asp?gguid=0xAF1CACCB6FE14D02887EFB09192197CD&camvguid=0x0A4BF4DC883247E8B81E059A154C4B17&camvceid=CMPEL_8F5EF540&cafiguid=&tguid=0x40B784B43AED4CC9857335104533EDFB
M-INFO-105755,Deep Learning für Computer Vision II: Fortgeschrittene Themen,3.0,Schriftliche Prüfung,30.07.2023,https://campus.studium.kit.edu/events/catalog.php#!campus/all/abstractModuleView.asp?gguid=0x2E2EB9583FF94FFAB73FA96CC73B98DB&camvguid=0x7E30146D83564FB986C99F0CD74EADB6&camvceid=CMPEL_8F5EF540&cafiguid=0xABA21F33AEEA4899BE1AB8E67083C2CB&tguid=0x40B784B43AED4CC9857335104533EDFB,https://campus.studium.kit.edu/events/catalog.php#!campus/all/event.asp?gguid=0xBED1A1DDD9A3400181D36D5396FC051A&camvguid=0x7E30146D83564FB986C99F0CD74EADB6&camvceid=CMPEL_8F5EF540&cafiguid=&tguid=0x40B784B43AED4CC9857335104533EDFB
M-INFO-105778,Maschinelles Lernen - Grundlagen und Algorithmen,5.0,Schriftliche Prüfung,17.09.2023,https://campus.studium.kit.edu/events/catalog.php#!campus/all/abstractModuleView.asp?gguid=0xB23C87B183724AAF9736DAACB1A5CE52&camvguid=0xDD615DB77A0C4864B2FD61C41B07FE92&camvceid=CMPEL_8F5EF540&cafiguid=0xABA21F33AEEA4899BE1AB8E67083C2CB&tguid=0x40B784B43AED4CC9857335104533EDFB,https://campus.studium.kit.edu/events/catalog.php#!campus/all/event.asp?gguid=0x12A7CB69D54F425D9798AF91C473B957&camvguid=0xDD615DB77A0C4864B2FD61C41B07FE92&camvceid=CMPEL_8F5EF540&cafiguid=&tguid=0x40B784B43AED4CC9857335104533EDFB
M-INFO-105753,Deep Learning für Computer Vision I: Grundlagen,3.0,Schriftliche Prüfung,30.07.2023,https://campus.studium.kit.edu/events/catalog.php#!campus/all/abstractModuleView.asp?gguid=0x52056AB13A6244D5B847A2A389332C56&camvguid=0x7630CB301AA54D99A2FAFF727E0A111A&camvceid=CMPEL_8F5EF540&cafiguid=0xABA21F33AEEA4899BE1AB8E67083C2CB&tguid=0x40B784B43AED4CC9857335104533EDFB,https://campus.studium.kit.edu/events/catalog.php#!campus/all/event.asp?gguid=0x6B657E47CE7849519F1156442250E932&camvguid=0x7630CB301AA54D99A2FAFF727E0A111A&camvceid=CMPEL_8F5EF540&cafiguid=&tguid=0x40B784B43AED4CC9857335104533EDFB
M-INFO-105999,Verarbeitung natürlicher Sprache,6.0,Schriftliche Prüfung,07.08.2023,https://campus.studium.kit.edu/events/catalog.php#!campus/all/abstractModuleView.asp?gguid=0x7007EF8095F54986A49CC29AA0419B14&camvguid=0x1FA6F8BED77F4DFCA45762D236ED2AA8&camvceid=CMPEL_8F5EF540&cafiguid=0xABA21F33AEEA4899BE1AB8E67083C2CB&tguid=0x40B784B43AED4CC9857335104533EDFB,https://campus.studium.kit.edu/events/catalog.php#!campus/all/event.asp?gguid=0xBD3DF4E6506F41F58E74B3790C46E2BE&camvguid=0x1FA6F8BED77F4DFCA45762D236ED2AA8&camvceid=CMPEL_8F5EF540&cafiguid=&tguid=0x40B784B43AED4CC9857335104533EDFB
M-INFO-106303,Access Control Systems: Models and Technology,5.0,Schriftliche Prüfung,07.07.2023,https://campus.studium.kit.edu/events/catalog.php#!campus/all/abstractModuleView.asp?gguid=0x231FA5C785484268ACD62A355D4AB6DA&camvguid=0x095EEF6CA2A3432E99BE2B115601B3CC&camvceid=CMPEL_8F5EF540&cafiguid=0xABA21F33AEEA4899BE1AB8E67083C2CB&tguid=0x40B784B43AED4CC9857335104533EDFB,https://campus.studium.kit.edu/events/catalog.php#!campus/all/event.asp?gguid=0xEFCA74F456FF4163B28D01F52F8E088B&camvguid=0x095EEF6CA2A3432E99BE2B115601B3CC&camvceid=CMPEL_8F5EF540&cafiguid=&tguid=0x40B784B43AED4CC9857335104533EDFB
